<?xml version="1.0" encoding="utf-8"?>
<!--Titan-->
<window>
    <defaultcontrol always="true">1000</defaultcontrol>
    <include>DefaultSkinSettings</include>
    <include condition="Skin.HasSetting(KeepWidgetFocus)">WidgetPlaybackFocus</include>
    <onload>RunScript(script.skinshortcuts,type=buildxml&amp;mainmenuID=300&amp;group=mainmenu|powermenu)</onload>
	<include condition="Skin.String(widgets_rotate) + !Skin.String(widgets_rotate,disabled)">WidgetsAutoRotateUnload</include>
    <onunload condition="!Skin.HasSetting(SectionBackgroundHomeOnly)">SetProperty(SectionBackground,$INFO[Control.GetLabel(99004)])</onunload>
    <!-- auto close homemenu and focus mainmenu when home is unloaded -->
    <onunload>ClearProperty(submenu,Home)</onunload>
    <onunload>ClearProperty(ShowWidget,Home)</onunload>
    <onunload>ClearProperty(ShowViewSubMenu,Home)</onunload>
    <onunload>ClearProperty(SkinHelper.WidgetContainer,Home)</onunload>
    <onload condition="Skin.String(HomeLayout,netflix2)">SetProperty(netflixview,active,Home)</onload>
    <onunload>ClearProperty(netflixview, Home)</onunload>
    <menucontrol>300</menucontrol>
	<controls>
	
        <!--Global Background-->
        <include>GlobalBackground</include>
    
        <control type="button" id="1000">
			<description>hidden button for onload actions as placing them in onload causes strange behaviour</description>
            <!--focus 77777 more consistently on first load-up -->
            <onfocus condition="String.IsEmpty(Window(Home).Property(HomeFirstLoadDone)) + [String.Contains(Skin.String(HomeLayout), netflix) | Skin.String(HomeLayout, win10)] + !Skin.HasSetting(AutoFocusHome) + String.IsEmpty(Window(Home).Property(LastFocusWidget))">AlarmClock(focus_delay,SetFocus(77777),00:01,silent)</onfocus>
            <onfocus condition="!String.IsEmpty(Window(Home).Property(HomeFirstLoadDone)) + [String.Contains(Skin.String(HomeLayout), netflix) | Skin.String(HomeLayout, win10)] + !Skin.HasSetting(AutoFocusHome) + String.IsEmpty(Window(Home).Property(LastFocusWidget))">SetFocus(77777)</onfocus>
            <onfocus condition="[[!String.Contains(Skin.String(HomeLayout), netflix) + !Skin.String(HomeLayout, win10)] | Skin.HasSetting(AutoFocusHome)] + !Skin.String(home.defaultfocus) + String.IsEmpty(Window(Home).Property(LastFocusWidget))">SetFocus(300)</onfocus>
            <onfocus condition="[[!String.Contains(Skin.String(HomeLayout), netflix) + !Skin.String(HomeLayout, win10)] | Skin.HasSetting(AutoFocusHome)] + Skin.String(home.defaultfocus) + String.IsEmpty(Window(Home).Property(LastFocusWidget))">SetFocus(300,$INFO[Skin.String(home.defaultfocus)])</onfocus>
            <include name="WidgetsAutoRotate" content="WidgetsAutoRotate" condition="[String.Contains(Skin.String(HomeLayout), netflix) | Skin.String(HomeLayout, win10)] + Skin.String(widgets_rotate_delay) + !Skin.String(widgets_rotate,disabled)">
                <param name="interval" value="$INFO[Skin.String(widgets_rotate_delay)]" />
            </include>            
            <onfocus condition="String.IsEmpty(Window(Home).Property(widgetstyle))">SetProperty(widgetstyle, $INFO[Skin.String(widgetstyle)])</onfocus>
            <onfocus>SetProperty(HomeFirstLoadDone,done)</onfocus>
			<texturenofocus>-</texturenofocus>
			<texturefocus>-</texturefocus>
            <onleft>300</onleft>
            <onright>300</onright>
            <onup>300</onup>
            <ondown>300</ondown>
            <onback>300</onback>
            <label>hiddenbutton</label>
            <visible allowhiddenfocus="true">false</visible>
		</control>
		
		<!--NowPlaying-->
		<include condition="!Skin.HasTheme(classic)">NowPlayingBackground</include>
		
        <!-- Hidden control to preload weather conditions -->
		<control type="label">
			<font>-</font>
			<label>$INFO[Weather.Conditions]</label>
		</control>
		
        <!-- hidden submenu for count calculations -->
        <include condition="!Skin.String(HomeLayout, enhanced) + !Skin.HasSetting(DisableAllSubmenus)">hiddenSubmenu</include>
        
        <!--NowPlaying-->
		<include condition="Skin.HasTheme(classic)">NowPlayingMusicClassic</include>
		<include condition="Skin.HasTheme(classic)">NowPlayingVideoClassic</include>
		<include condition="!Skin.HasTheme(classic)">NowPlayingInfoBar</include>
        
        <!-- PVR recording icon -->
        <include condition="Skin.HasSetting(Home_RecordingIndicator)">NowRecordingIcon</include>
	
		<!-- Home Screen -->
        <include condition="Skin.String(HomeLayout, 1) | Skin.String(HomeLayout, 2) | Skin.String(HomeLayout, 3) | Skin.String(HomeLayout, 1small) | Skin.String(HomeLayout, 2small) | Skin.String(HomeLayout, 3small)">HomeTitanTiles</include>
        <include condition="Skin.String(HomeLayout, simplehor) | String.Contains(Skin.String(HomeLayout), lowhorizontal)">HorizontalHome</include>
        <include condition="String.Contains(Skin.String(HomeLayout), ver)">VerticalHome</include>
        <include condition="Skin.String(HomeLayout, enhanced)">EnhancedHome</include>
        <include condition="Skin.String(HomeLayout, netflix)">HomeNetflix</include>
        <include condition="Skin.String(HomeLayout, netflix2)">HomeNetflix2</include>
        <include condition="Skin.String(HomeLayout, win10)">HomeWin10</include>
		
        <include condition="Skin.HasSetting(DebugGrid) | Skin.HasSetting(DebugInfo)">DebugInfo</include>
        
	</controls>
</window>
